humandatabase,humanidentifier,EnsemblID,UniprotID,viralinteractortaxid,viralinteractorproteindatabase,viralinteractorproteinxref,What is it?,proteinseq1
INTACT,EBI-10815456,ENSG00000108561,Q07021,10376,UNIPROT_AC,Q5MJ03,"complement system receptor, also involved in mRNA splicing and who knows what",MLPLLRCVPRVLGSSVAGLRAAARLAFPAAPAAHPVCTRPFRVLSVRAGSERRPASCGSRTLRCGCGCGSLHTDGDKAFVDFLSDEIKEERKIQKHKTLPKMSGGWELELNGTEAKLVRKVAGEKITVTFNINNSIPPTFDGEEEPSQGQKVEEQEPELTSTPNFVVEVIKNDDGKKALVLDCHYPEDEVGQEDEAESDIFSIREVSFQSTGESEWKDTNYTLNTDSLDWALYDHLMDFLADRGVDNTFADELVELSTALEHQEYITFLEDLKSFVKSQ
INTACT,EBI-1267003,NO,NOTSWISS,421877,UNIPROT_AC,Q03463,Discontinued gene prediction? Putative colon cancer-associated antigen SK1 ,MEDGGQREERKRNAKCGQPPRVKIEGSVMQVLDRRRQVGRAPQPPPQKRPPPGLSDPWGAGSASPRPHVAPAPMVPVPWMETASSGGQMWCSGIQSHFLPGHACPAASLAAFSPYLPGDPGWGTRAPGG
INTACT,EBI-2548851,ENSG00000205449,NOTSWISS,211044,UNIPROT_AC,P03485,"NBPF Member 22, Pseudogene",MVVSADPLSSERAEMNILEINQELRSQLAESNQQFRDLKEKFLISQATAYSLANQLKKYKKQNDLEEVKGQETVAPRLSRGPLRVDKYEIPQESLDGCCLTPSILPDLTPSYHPYWSTLYSFEDKQVSLALVDKIKKDQEEVEDQSPPCPRLSQELPEVKEQEVPEDSVNEVYLTPSVHHDVSDCHQPYSSTLSSLEDQLACSALDVASPTEAACPQGTWSGDLSHHRSEVQISQAQLEPSTLVPNCLRLQLDQGFHCGNGLPQRGLSSMTCSFSANADSGNQWPFQGR
INTACT,EBI-2622317,ENSG00000118855,Q9H3U5,10377,UNIPROT_AC,P0CK56,Major Facilitator Superfamily Domain Containing 1,MEEEDEEARALLAGGPDEADRGAPAAPGALPALCDPSRLAHRLLVLLLMCFLGFGSYFCYDNPAALQTQVKRDMQVNTTKFMLLYAWYSWPNVVLCFFGGFLIDRVFGSTVNMNLMGWLYSKIEALLGSAGHTTLGITLMIGGITCILSLICALALAYLDQRAERILHKEQGKTGEVIKLTDVKDFSLPLWLIFIICVCYYVAVFPFIGLGKVFFTEKFGFSSQAASAINSVVYVISAPMSPVFGLLVDKTGK
INTACT,EBI-2623792,NO,NOTSWISS,10376,UNIPROT_AC,Q3KSU1,deleted entry in uniprot http://www.uniprot.org/uniprot/Q8N824,MWPQPRLPPHPAMSEKTQQGKLAAAKKKLKAYWQRKSPGIPAGANRKKKINGSSPDTATSGGYHSPGDSATGIYGEGRASSTTLEDLESQYQELAVALDSSSAIISQLTENINSLVRTSKEEKKHEIHLVQKLGRSLFKLKNQTAEPLAPEPPAGPSKVEQLQDETNHLRKELESVGRQLQAEVENNQMLSLLNRRQEERLREQEERLREQEERLREQEERLHEQEERLCEQEERLCEQEERLREHEERLCEQEERLREHEERLCEQEERLCEQEERLREQEERLCEQEERLCEQEERLCEQEERLREQEERLCEQEERLREQEERLCEQEERLREQEERLCEQEERLREQEERLCEQEKLPGQERLLEEVEKLLEQERRQEEQERLLERERLLEEVEKLLEQERRQEEQERLLERERLLEEVEKLLEQERRQEEQERLLERERLLDEVEELLDEVEELLEQERLR
INTACT,EBI-4399559,NO,NOTSWISS,10298,UNIPROT_AC,Q9J0X9,Obsolete/demerged into 4 things in uniprot http://www.uniprot.org/uniprot/?query=mnemonic:UBIQ_HUMAN ,MQIFVKTLTGKTITLEVEPSDTIENVKAKIQDKEGIPPDQQRLIFAGKQLEDGRTLSDYNIQKESTLHLVLRLRGG
INTACT,EBI-6269288,NO,NOTSWISS,132487,UNIPROT_AC,B8PZP3,Deleted entry in uniprot http://www.uniprot.org/uniprot/A0A075B6F7 ,MKKEELKQHDGFRSSWKETTNTNIFETRYVTSYYRFSEMKHYLCGCCAAFNNVAITFPIQKVLFPQQLYGIKTGDAILQLRTDGFRNLYRGIFPRLMQKTTTLALTFGLYEDLSYLLHKHVSAPEFATCGVAAVLAGTTEAIFTSDIASRPQAP
INTACT,EBI-7555615,ENSG00000197083,NOTSWISS,37296,UNIPROT_AC,Q9WNA9,Zinc Finger Protein 300 Pseudogene 1,MIRSQGPVSFEDVAVDFTQEEWQQLDYAQRTLYRDVMLEIYSHLVSMGYPVSKPDVISKLEQGEEPWIIKRHIPNWIYPDRESRLDTPQLDIFRDVFFHKETLESITRGHSLYSILKVWQGDDQLERDQEN
INTACT,EBI-7794107,ENSG00000107829,P57775,10407,UNIPROT_AC,Q8V1H6,Fbox WD40 gene,MRALGRLAQVCRWLRRFTSCDLLWRRIARASLNSGFTRLGTDLMTSVPVKERVKVSQNWRLGRCREGILLKWRCRQMPWMQLEDDSLYISQANFILAYQFRPDGASLNRRPLGVFAGHDEDVCHFVLANSHIVSAGGDGKIGIHKIHSTFTVKYSAHEQEVNCVDCKGGIIVSGSRDRTAKVWPLASGRLGQCLHTIQTEDRVWSIAISPLL
INTACT,EBI-9028477,ENSG00000257267,NOTSWISS,333284,UNIPROT_AC,Q9WMX2-PRO_0000037541,"Zinc Finger Protein 271, Pseudogene/Epstein-Barr Virus-Induced Zinc Finger Protein",MEIQFNYESQEHHLLSDGENKTKIGKPASEEGITAKIEPLTEESSSLRMFSRILKAKNSVNLGINEKDQNVFKRRPHNCDEYGQSFVWSTSLFRHRKTHCEKPYEWDKCGKATGEKPYSCNWCIKSFSWSSDLIKHQRVHTGEKPYKCDECGKAFSQSSDLIIHQRIHIGEKPYQCRHCSKSFSQRSDLVKHQRIHTGEKPYTCNQCNKHFSQSSDVIKHQRIHTGEKPYKCDVCGKAFSQSSDLILHQRIHTGEKPYPCNQCSKSFSQNSDLIKHRRIHTGEKPYKCNECGKAFNQSSVLILHQRIHTGEKPYPCDQCSKTFSRLSDLINHQRIHTGEKPYPCNQCNKMFSRRSDLVKHHRIHTGEKPYECDECGKTFSQSSNLILHQRIHTGEKPYACSDCTKSFSRRSDLVKHQRIHTGEKPYACNQCDKSFSQSSDLTKHQRVHSGEKPYHCNSCEKAFSQSSDLILHQRIHTGEKYYLCTQCSKSFSQISDLIKHQRIHTGEKPYKCSECRKAFSQCSALTLHQRIHTGKKPNPCDECGKSFSRRSDLINHQKIHTGEKPYKCDACGKAFSTCTDLIEHQKTHAEEKPYQCVQCSRSCSQLSELTIHEEVHCGEDSQNVMNVRKPLVCTPTLFSTRDTVPEKNLMNAVDY
