humandatabase,humanidentifier,viralinteractortaxid,viralinteractorproteindatabase,viralinteractorproteinxref,proteinseq1
INTACT,EBI-10815456,10376,UNIPROT_AC,Q5MJ03,MLPLLRCVPRVLGSSVAGLRAAARLAFPAAPAAHPVCTRPFRVLSVRAGSERRPASCGSRTLRCGCGCGSLHTDGDKAFVDFLSDEIKEERKIQKHKTLPKMSGGWELELNGTEAKLVRKVAGEKITVTFNINNSIPPTFDGEEEPSQGQKVEEQEPELTSTPNFVVEVIKNDDGKKALVLDCHYPEDEVGQEDEAESDIFSIREVSFQSTGESEWKDTNYTLNTDSLDWALYDHLMDFLADRGVDNTFADELVELSTALEHQEYITFLEDLKSFVKSQ
INTACT,EBI-1267003,421877,UNIPROT_AC,Q03463,MEDGGQREERKRNAKCGQPPRVKIEGSVMQVLDRRRQVGRAPQPPPQKRPPPGLSDPWGAGSASPRPHVAPAPMVPVPWMETASSGGQMWCSGIQSHFLPGHACPAASLAAFSPYLPGDPGWGTRAPGG
INTACT,EBI-2548851,211044,UNIPROT_AC,P03485,MVVSADPLSSERAEMNILEINQELRSQLAESNQQFRDLKEKFLISQATAYSLANQLKKYKKQNDLEEVKGQETVAPRLSRGPLRVDKYEIPQESLDGCCLTPSILPDLTPSYHPYWSTLYSFEDKQVSLALVDKIKKDQEEVEDQSPPCPRLSQELPEVKEQEVPEDSVNEVYLTPSVHHDVSDCHQPYSSTLSSLEDQLACSALDVASPTEAACPQGTWSGDLSHHRSEVQISQAQLEPSTLVPNCLRLQLDQGFHCGNGLPQRGLSSMTCSFSANADSGNQWPFQGR
INTACT,EBI-2622317,10377,UNIPROT_AC,P0CK56,MEEEDEEARALLAGGPDEADRGAPAAPGALPALCDPSRLAHRLLVLLLMCFLGFGSYFCYDNPAALQTQVKRDMQVNTTKFMLLYAWYSWPNVVLCFFGGFLIDRVFGSTVNMNLMGWLYSKIEALLGSAGHTTLGITLMIGGITCILSLICALALAYLDQRAERILHKEQGKTGEVIKLTDVKDFSLPLWLIFIICVCYYVAVFPFIGLGKVFFTEKFGFSSQAASAINSVVYVISAPMSPVFGLLVDKTGK
INTACT,EBI-2623792,10376,UNIPROT_AC,Q3KSU1,MWPQPRLPPHPAMSEKTQQGKLAAAKKKLKAYWQRKSPGIPAGANRKKKINGSSPDTATSGGYHSPGDSATGIYGEGRASSTTLEDLESQYQELAVALDSSSAIISQLTENINSLVRTSKEEKKHEIHLVQKLGRSLFKLKNQTAEPLAPEPPAGPSKVEQLQDETNHLRKELESVGRQLQAEVENNQMLSLLNRRQEERLREQEERLREQEERLREQEERLHEQEERLCEQEERLCEQEERLREHEERLCEQEERLREHEERLCEQEERLCEQEERLREQEERLCEQEERLCEQEERLCEQEERLREQEERLCEQEERLREQEERLCEQEERLREQEERLCEQEERLREQEERLCEQEKLPGQERLLEEVEKLLEQERRQEEQERLLERERLLEEVEKLLEQERRQEEQERLLERERLLEEVEKLLEQERRQEEQERLLERERLLDEVEELLDEVEELLEQERLR
INTACT,EBI-4399559,10298,UNIPROT_AC,Q9J0X9,MQIFVKTLTGKTITLEVEPSDTIENVKAKIQDKEGIPPDQQRLIFAGKQLEDGRTLSDYNIQKESTLHLVLRLRGG
INTACT,EBI-6269288,132487,UNIPROT_AC,B8PZP3,MKKEELKQHDGFRSSWKETTNTNIFETRYVTSYYRFSEMKHYLCGCCAAFNNVAITFPIQKVLFPQQLYGIKTGDAILQLRTDGFRNLYRGIFPRLMQKTTTLALTFGLYEDLSYLLHKHVSAPEFATCGVAAVLAGTTEAIFTSDIASRPQAP
INTACT,EBI-7555615,37296,UNIPROT_AC,Q9WNA9,MIRSQGPVSFEDVAVDFTQEEWQQLDYAQRTLYRDVMLEIYSHLVSMGYPVSKPDVISKLEQGEEPWIIKRHIPNWIYPDRESRLDTPQLDIFRDVFFHKETLESITRGHSLYSILKVWQGDDQLERDQEN
INTACT,EBI-7794107,10407,UNIPROT_AC,Q8V1H6,MRALGRLAQVCRWLRRFTSCDLLWRRIARASLNSGFTRLGTDLMTSVPVKERVKVSQNWRLGRCREGILLKWRCRQMPWMQLEDDSLYISQANFILAYQFRPDGASLNRRPLGVFAGHDEDVCHFVLANSHIVSAGGDGKIGIHKIHSTFTVKYSAHEQEVNCVDCKGGIIVSGSRDRTAKVWPLASGRLGQCLHTIQTEDRVWSIAISPLL
INTACT,EBI-9028477,333284,UNIPROT_AC,Q9WMX2-PRO_0000037541,MEIQFNYESQEHHLLSDGENKTKIGKPASEEGITAKIEPLTEESSSLRMFSRILKAKNSVNLGINEKDQNVFKRRPHNCDEYGQSFVWSTSLFRHRKTHCEKPYEWDKCGKATGEKPYSCNWCIKSFSWSSDLIKHQRVHTGEKPYKCDECGKAFSQSSDLIIHQRIHIGEKPYQCRHCSKSFSQRSDLVKHQRIHTGEKPYTCNQCNKHFSQSSDVIKHQRIHTGEKPYKCDVCGKAFSQSSDLILHQRIHTGEKPYPCNQCSKSFSQNSDLIKHRRIHTGEKPYKCNECGKAFNQSSVLILHQRIHTGEKPYPCDQCSKTFSRLSDLINHQRIHTGEKPYPCNQCNKMFSRRSDLVKHHRIHTGEKPYECDECGKTFSQSSNLILHQRIHTGEKPYACSDCTKSFSRRSDLVKHQRIHTGEKPYACNQCDKSFSQSSDLTKHQRVHSGEKPYHCNSCEKAFSQSSDLILHQRIHTGEKYYLCTQCSKSFSQISDLIKHQRIHTGEKPYKCSECRKAFSQCSALTLHQRIHTGKKPNPCDECGKSFSRRSDLINHQKIHTGEKPYKCDACGKAFSTCTDLIEHQKTHAEEKPYQCVQCSRSCSQLSELTIHEEVHCGEDSQNVMNVRKPLVCTPTLFSTRDTVPEKNLMNAVDY
